Rank	Name	Twitter Handle	Followers	Following	Tweets
1	KATY PERRY	@katyperry	94086175	182	7538
2	Justin Bieber	@justinbieber	89653038	293761	30595
3	Taylor Swift	@taylorswift13	81262217	245	4146
4	Barack Obama	@BarackObama	79094984	633283	15432
5	Rihanna	@rihanna	67514804	1140	9887
6	YouTube	@YouTube	64903814	965	18014
7	#CountryOfKindness	@ladygaga	64410465	130416	8018
8	Ellen DeGeneres	@TheEllenShow	63317129	36277	13161
9	Twitter	@twitter	57448761	147	3352
10	Justin Timberlake	@jtimberlake	56984236	219	3508
11	Kim Kardashian West	@KimKardashian	48842438	106	22470
12	Britney Spears	@britneyspears	48737863	393537	4946
13	Cristiano Ronaldo	@Cristiano	47488125	95	2690
14	Selena Gomez	@selenagomez	45972150	1279	4201
15	CNN Breaking News	@cnnbrk	43735822	122	52203
16	jimmy fallon	@jimmyfallon	42950882	7205	9267
17	Ariana Grande	@ArianaGrande	42669339	66616	39570
18	Shakira	@shakira	40962633	186	4273
19	Instagram	@instagram	40353684	4	9585
20	Demi Lovato	@ddlovato	38230561	454	15267
21	Jennifer Lopez	@JLo	37686588	1692	9794
22	Drizzy	@Drake	34034726	640	1709
23	Oprah Winfrey	@Oprah	33912793	265	11596
24	LeBron James	@KingJames	33296962	166	5102
25	Bill Gates	@BillGates	31862736	171	2186
26	Kevin Hart	@KevinHart4real	31173509	545	31861
27	Miley Ray Cyrus	@MileyCyrus	30884943	369	8235
28	One Direction	@onedirection	30823124	4003	9909
29	The New York Times	@nytimes	30053673	971	246954
30	ESPN	@espn	30007341	298	82250
31	Harry Styles.	@Harry_Styles	29472513	2021	5341
32	SportsCenter	@SportsCenter	29176268	1674	81898
33	P!nk	@Pink	28306963	407	6068
34	Wiz Khalifa	@wizkhalifa	27769525	776	41796
35	Niall Horan	@NiallOfficial	27616655	5844	11178
36	Adele	@Adele	27174175	158	271
37	Lil Wayne WEEZY F	@LilTunechi	27106950	43	1462
38	Bruno Mars	@BrunoMars	26491041	110	3629
39	KANYE WEST	@kanyewest	26279439	1	985
40	Neil Patrick Harris	@ActuallyNPH	25724648	79	2574
41	Neymar Jr	@neymarjr	25651381	738	40730
42	Kaka	@KAKA	25095161	453	4556
43	Narendra Modi	@narendramodi	23805366	1434	13220
44	NBA	@NBA	23510935	1553	144771
45	Liam	@LiamPayne	23474616	16797	9229
46	Louis Tomlinson	@Louis_Tomlinson	23407005	3697	5876
47	Emma Watson	@EmmaWatson	23264767	315	1488
48	Alicia Keys	@aliciakeys	22972014	537	5692
49	Amitabh Bachchan	@SrBachchan	22486142	1123	53407
50	CNN	@CNN	22473876	1111	75114
51	BBC Breaking News	@BBCBreaking	22001864	3	27966
52	Shah Rukh Khan	@iamsrk	21936688	81	55034
53	daniel tosh	@danieltosh	21717330	130	12058
54	Pitbull	@pitbull	21699752	2604	6615
55	Conan O'Brien	@ConanOBrien	20881095	1	2503
56	Marshall Mathers	@Eminem	20820057	0	634
57	NICKI MINAJ	@NICKIMINAJ	20507207	3712	36481
58	Avril Lavigne	@AvrilLavigne	20359736	146	3428
59	NFL	@NFL	20335799	2133	126854
60	zayn	@zaynmalik	20273768	2231	3109
61	David Guetta	@davidguetta	20162613	215	3306
62	Salman Khan	@BeingSalmanKhan	19601632	22	41970
63	NASA	@NASA	19366552	260	44256
64	Kylie Jenner	@KylieJenner	18639379	1179	11535
65	Blake Shelton	@blakeshelton	18163724	725	9966
66	Chris Brown	@chrisbrown	18119973	1	3112
67	Aamir Khan	@aamir_khan	17911348	7	401
68	Khloé	@khloekardashian	17884167	338	49040
69	Real Madrid C. F.	@realmadrid	17859870	47	49532
70	Coldplay	@coldplay	17727733	1503	6095
71	FC Barcelona	@FCBarcelona	17655405	58	76663
72	Kourtney Kardashian	@kourtneykardash	17355568	54	10112
73	ashton kutcher	@aplusk	17286615	703	8972
74	The Economist	@TheEconomist	16964656	156	88252
75	Vine	@vine	16798782	1	3273
76	Ed Sheeran	@edsheeran	16708207	757	32104
77	Kendall Jenner	@KendallJenner	16574246	141	8718
78	Leonardo DiCaprio	@LeoDiCaprio	16543713	142	786
79	BBC News (World)	@BBCWorld	16510710	70	242796
80	Deepika Padukone	@deepikapadukone	16455500	72	3066
81	Google	@google	16265271	449	21686
82	Christina Aguilera	@xtina	16197764	23	966
83	?. ???? #???????	@MohamadAlarefe	15989758	0	32572
84	???? ???????	@shugairi	15919233	137	8386
85	AGNEZ MO	@agnezmo	15883684	1057	14580
86	Mariah Carey	@MariahCarey	15819740	87	6861
87	Twitter en español	@TwitterEspanol	15682425	55	2356
88	Ricky Martin	@ricky_martin	15613705	393	6181
89	Donald J. Trump	@realDonaldTrump	15304483	41	33996
90	Hrithik Roshan	@iHrithik	15279819	88	3241
91	Jim Carrey	@JimCarrey	15198894	1	4166
92	Kevin Durant	@KDTrey5	15126850	1457	22684
93	Ryan Seacrest	@RyanSeacrest	15072865	649	12038
94	Ivete Sangalo	@ivetesangalo	15053825	719	40279
95	PRIYANKA	@priyankachopra	14976601	501	18731
96	Akshay Kumar	@akshaykumar	14861065	19	3261
97	Twitter Sports	@TwitterSports	14814124	857	6623
98	Reuters Top News	@Reuters	14780371	1040	160548
99	Snoop Dogg	@SnoopDogg	14695151	2711	36921
100	BEYONCÉ	@Beyonce	14609413	10	9
101	raditya dika	@radityadika	14503429	755	50675
102	Alejandro Sanz	@AlejandroSanz	14444673	768	26981
103	?. #????_??????	@Dr_alqarnee	14432174	161	44810
104	MTV	@MTV	14336088	32096	181743
105	SNAP: danilogentili	@DaniloGentili	14310449	182	52718
106	National Geographic	@NatGeo	14120917	19	34095
107	CNN en Español	@CNNEE	14033951	832	88473
108	Andrés Iniesta	@andresiniesta8	14031756	71	1299
109	Facebook	@facebook	13995013	97	4100
110	Paris Hilton	@ParisHilton	13968848	7088	28340
111	Wayne Rooney	@WayneRooney	13941997	385	2036
112	PMO India	@PMOIndia	13745128	356	12555
113	Funny Or Die	@funnyordie	13718268	5589	21053
114	Mesut Özil	@MesutOzil1088	13696138	71	1043
115	will.i.am.BUTTONS	@iamwill	13636173	1397	7159
116	Ronaldinho Gaúcho	@10Ronaldinho	13628843	41	3528
117	Tyra Banks	@tyrabanks	13563932	1115	7037
118	Claudia Leitte	@ClaudiaLeitte	13507235	842	43451
119	detikcom	@detikcom	13493433	35	1041101
120	Gerard Piqué	@3gerardpique	13442932	533	2277
121	??????? ????	@AlArabiya_Brk	13422592	36	76308
122	UberFacts	@UberFacts	13406521	1	123809
123	Maroon 5	@maroon5	13399413	417	3496
124	UberSocial	@UberSoc	13392073	2259	34937
125	Ashley Tisdale	@ashleytisdale	13179659	199	6956
126	snap mionoficial	@marcosmion	13120067	524	16340
127	Dalai Lama	@DalaiLama	13043353	0	1219
128	Champions League	@ChampionsLeague	12991245	666	44104
129	Zac Efron	@ZacEfron	12979675	76	1398
130	sachin tendulkar	@sachin_rt	12944766	78	1167
131	Simon Cowell	@SimonCowell	12704874	2775	1838
132	Premier League	@premierleague	12703093	24	71616
133	Virat Kohli	@imVkohli	12647354	40	964
134	Luciano Huck	@LucianoHuck	12442049	392	9870
135	The White House	@WhiteHouse	12426807	224	27350
136	CHANEL	@CHANEL	12425757	0	1356
137	PlayStation	@PlayStation	12411858	764	22028
138	Papa Francisco	@Pontifex_es	12329101	8	986
139	Ramalan Indonesia	@TweetRAMALAN	12261459	38	112575
140	A.R.Rahman	@arrahman	12260843	0	1194
141	Stephen Fry	@stephenfry	12247528	50684	21866
142	Tom Hanks	@tomhanks	12235477	24	731
143	SHAQ	@SHAQ	12094549	664	8299
144	Russell Brand	@rustyrockets	12061737	293	8156
145	Wall Street Journal	@WSJ	12049172	1074	176946
146	TIME	@TIME	12031784	842	200391
147	Samsung Mobile	@SamsungMobile	12022171	441	4244
148	President Obama	@POTUS	11972739	72	321
149	Twitter Music	@TwitterMusic	11801760	286	12280
150	Cem Y?lmaz	@CMYLMZ	11784092	133	218
151	Starbucks Coffee	@Starbucks	11773631	99401	82085
152	Vogue Magazine	@voguemagazine	11738502	530	44438
153	Radamel Falcao	@FALCAO	11730470	533	5234
154	Sean Diddy Combs	@iamdiddy	11694127	1815	36112
155	Charlie Sheen	@charliesheen	11678774	154	2033
156	Fox News	@FoxNews	11671890	430	279269
157	Ludacris	@Ludacris	11654481	324	19326
158	Programa Pânico	@programapanico	11608183	1840	55966
159	JUANES	@juanes	11546813	1838	8533
160	????? ???????	@AlAfasy	11477495	1072	24865
161	Ricky Gervais	@rickygervais	11463143	1082	38060
162	James Rodríguez	@jamesdrodriguez	11398707	275	2427
163	Usher Raymond IV	@Usher	11364427	508	5006
164	Paulo Coelho	@paulocoelho	11362190	253	31584
165	Seth MacFarlane	@SethMacFarlane	11326259	390	6406
166	???? ???????	@AlArabiya	11246071	36	118379
167	Kelly Clarkson	@kelly_clarkson	11206098	64	5750
168	luna maya	@LunaMaya26	11115684	687	12632
169	Sabrina Sato Rahal	@SabrinaSato	11090062	1336	29299
170	Paulina Rubio	@paurubio	11076500	1055	7858
171	Enrique Iglesias	@enriqueiglesias	11005258	2871	4987
172	Carly Rae Jepsen	@carlyraejepsen	10953669	88441	6637
173	Stephen Colbert	@StephenAtHome	10951234	33	3972
174	Forbes	@Forbes	10909818	5266	146274
175	Aziz Ansari	@azizansari	10854682	0	7626
176	Sherina Sinna	@sherinasinna	10800764	370	4
177	Rafa Nadal	@RafaelNadal	10737565	77	2271
178	Kobe Bryant	@kobebryant	10699849	239	1112
179	Globo	@RedeGlobo	10699346	583	105708
180	Rafinha Bastos	@rafinhabastos	10584353	381	29268
181	Xbox	@Xbox	10575594	17801	155354
182	Nick Jonas	@nickjonas	10553610	700	2938
183	????? ??????	@salman_alodah	10417839	387	49463
184	Elissa	@elissakh	10406203	279	30278
185	Dwayne Johnson	@TheRock	10369447	61	14443
186	E! News	@enews	10360849	121775	178936
187	Gareth Bale	@GarethBale11	10337210	108	1104
188	FC Barcelona	@FCBarcelona_es	10300917	60	82011
189	Hillary Clinton	@HillaryClinton	10252738	759	9774
190	Sergio Kun Aguero	@aguerosergiokun	10237727	117	4188
191	5 Seconds of Summer	@5SOS	10206222	32840	26020
192	Nancy Ajram	@NancyAjram	10159710	101	12995
193	Trey Songz	@TreySongz	10123198	3627	12198
194	Pope Francis	@Pontifex	9951767	8	997
195	Xabi Alonso	@XabiAlonso	9927763	472	489
196	William Bonner	@realwbonner	9916001	48	10215
197	Abhishek Bachchan	@juniorbachchan	9872878	383	24975
198	???? ???????	@AJArabic	9852354	21	179668
199	Victoria Beckham	@victoriabeckham	9800929	53	2776
200	Austin Mahone	@AustinMahone	9626507	89934	39375
201	Twitter Media	@twittermedia	9626422	194	1750
202	Twitter TV	@twittertv	9538983	1654	14159
203	Sonam Kapoor	@sonamakapoor	9514665	654	13525
204	Arvind Kejriwal	@ArvindKejriwal	9497584	159	15195
205	Alia Bhatt	@aliaa08	9464160	234	3689
206	Victoria Justice	@VictoriaJustice	9463369	1978	18963
207	Marcelo Tas	@MarceloTas	9411753	2468	18375
208	Jessica Alba	@jessicaalba	9388321	1321	5799
209	FIFA.com	@FIFAcom	9365374	814	57787
210	Cameron Dallas	@camerondallas	9362689	19545	36459
211	S. B. Yudhoyono	@SBYudhoyono	9354495	155	4496
212	Pharrell Williams	@Pharrell	9346257	1012	3936
213	Lindsay Lohan	@lindsaylohan	9308036	514	6810
214	Afgan	@afgansyah_reza	9305897	601	11023
215	Recep Tayyip Erdo?an	@RT_Erdogan	9292428	2	4140
216	pewdiepie	@pewdiepie	9274679	496	355
217	Sean Don	@BigSean	9271623	2142	19663
218	Legendários	@Legendarios	9262743	53	28490
219	Android	@Android	9232092	57	3359
220	Shahid Kapoor	@shahidkapoor	9197322	105	6043
221	Fantástico	@showdavida	9165728	43	31450
222	Manchester United	@ManUtd	9150720	94	30074
223	Daddy Yankee	@daddy_yankee	9142315	82	17209
224	Breaking News	@BreakingNews	9131359	557	99844
225	Victoria's Secret	@VictoriasSecret	9126965	1237	115927
226	The Onion	@TheOnion	9121465	18	46280
227	Sarah Silverman	@SarahKSilverman	9054597	719	6112
228	Anahi	@Anahi	9045807	637	7374
229	????? ???	@sabqorg	9031286	1	98672
230	Sofia Vergara	@SofiaVergara	9012941	74	6023
231	kata kata bijak	@kata2bijak	8967950	131	146835
232	The Associated Press	@AP	8936454	7270	158730
233	Karan Johar	@karanjohar	8909802	400	6369
234	marcelo tinelli	@cuervotinelli	8896384	531	38377
235	Tata werneck	@Tatawerneck	8875347	1959	7459
236	Calvin Harris	@CalvinHarris	8874902	3871	7467
237	Anushka Sharma	@AnushkaSharma	8834502	118	2806
238	Cinema XXI	@cinema21	8809169	63	16361
239	J. Cole	@JColeNC	8793515	405	2527
240	John Cena	@JohnCena	8790088	2332	4938
241	Eugenio Derbez	@EugenioDerbez	8780825	584	7846
242	Richard Branson	@richardbranson	8765869	3843	14019
243	Marc Anthony	@MarcAnthony	8753185	734	4437
244	Anderson Cooper	@andersoncooper	8738031	252	18105
245	snap luquemarco	@marcoluque	8734294	377	23126
246	Cesc Fàbregas Soler	@cesc4official	8686922	176	3257
247	Apple Music	@AppleMusic	8664530	1039	25972
248	German Garmendia	@GermanGarmendia	8641219	168	11805
249	Sergio Ramos	@SergioRamos	8622230	645	2756
250	Vidi Aldiano	@vidialdiano	8622220	514	28860
251	METRO TV	@Metro_TV	8608808	74	679927
252	Channing Tatum	@channingtatum	8586886	297	7014
253	Farhan Akhtar	@FarOutAkhtar	8569011	244	5277
254	TED Talks	@TEDTalks	8565456	479	18245
255	Thalia	@thalia	8552297	1662	19946
256	J.K. Rowling	@jk_rowling	8545388	398	5751
257	Dr Bassem Youssef	@DrBassemYoussef	8525425	701	10289
258	G1	@g1	8516712	194	484111
259	Times of India	@timesofindia	8512042	497	282270
260	Carles Puyol	@Carles5puyol	8478201	317	1829
261	Arsenal FC	@Arsenal	8450079	159169	67792
262	Anne Curtis-Smith	@annecurtissmith	8429609	1469	41129
263	Carmelo Anthony	@carmeloanthony	8400816	302	2633
264	Jessie J	@JessieJ	8400446	20	19796
265	Robin van Persie	@Persie_Official	8387306	141	531
266	???? ??? ??????	@NabilAlawadhy	8380505	492	28193
267	LMFAO	@LMFAO	8374261	1548	5767
268	J O E J O N A S	@joejonas	8337539	1125	9166
269	WWE	@WWE	8334609	352	141613
270	David Bisbal	@davidbisbal	8329133	707	15253
271	Angel Locsin	@143redangel	8305614	509	9298
272	John Legend	@johnlegend	8289547	745	9559
273	David Luiz	@DavidLuiz_4	8266736	194	2231
274	Gusttavo Lima	@gusttavo_lima	8232572	1149	14510
275	TwitPic	@TwitPic	8225933	26423	559
276	H&M	@hm	8168720	304	10127
277	Abdullah Gül	@cbabdullahgul	8161857	3	1693
278	Little Mix	@LittleMix	8158449	30627	27136
279	NDTV	@ndtv	8136216	22	302020
280	Huffington Post	@HuffingtonPost	8121374	5710	472286
281	50cent	@50cent	8085460	17	12865
282	Mindy Kaling	@mindykaling	8056441	839	15602
283	CNN ????????	@cnnarabic	8043663	200	100170
284	jose marie viceral	@vicegandako	8042430	581	20175
285	Luke Hemmings	@Luke5SOS	8029708	22034	8428
286	Chetan Bhagat	@chetan_bhagat	7994604	151	12212
287	Jimmy Kimmel	@jimmykimmel	7981734	486	3866
288	Steve Martin	@SteveMartinToGo	7957515	191	6723
289	ABC News	@ABC	7943534	799	149223
290	Luan Santana	@luansantana	7933453	1992	9789
291	PITTY	@Pitty	7913270	140	10128
292	Shawn Mendes	@ShawnMendes	7904509	55101	13339
293	Hootsuite	@hootsuite	7899365	1558807	41967
294	Ricardo Montaner	@montanertwiter	7874560	345	45691
295	James Corden	@JKCorden	7843274	1890	9243
296	Sonakshi Sinha	@sonakshisinha	7840964	87	10967
297	Luke Bryan	@LukeBryanOnline	7839506	11742	3673
298	?. ???? ????????	@TareqAlSuwaidan	7826974	20	18701
299	Mario Teguh	@marioteguh	7825773	0	33939
300	United Nations	@UN	7824837	1131	51917
301	Microsoft	@Microsoft	7801616	1998	11915
302	Luis Suarez	@LuisSuarez9	7795620	45	702
303	Cody Simpson	@CodySimpson	7784654	206067	33041
304	Kris Jenner	@KrisJenner	7763972	269	10323
305	CHAYANNE	@CHAYANNEMUSIC	7757129	1008	3742
306	Luis Fonsi	 @LuisFonsi	7745545	450	7035
307	Anderson Silva	@SpiderAnderson	7712323	474	3601
308	David Villa	@Guaje7Villa	7693405	569	1585
309	tvOneNews	@tvOneNews	7680328	44	102892
310	Raffi Ahmad	@RaffiAhmadLagi	7642768	253	13136
311	Parineeti Chopra	@ParineetiChopra	7633302	250	6037
312	Yuya	@yuyacst	7617260	613	12005
313	Rockstar Games	@RockstarGames	7608365	923	14562
314	MUY Interesante	@muyinteresante	7560511	534	98663
315	WEREVER CACHORRITO	@werevertumorro	7552179	2161	76376
316	Robert Downey Jr	@RobertDowneyJr	7552001	62	445
317	Mashable	@mashable	7541358	2834	203223
318	Washington Post	@washingtonpost	7538243	1298	195576
319	Miranda Cosgrove	@MirandaCosgrove	7532412	13675	6953
320	Virender Sehwag	@virendersehwag	7514467	88	7429
321	Chelsea FC	@ChelseaFC	7505708	235	63414
322	Michael Clifford	@Michael5SOS	7481891	15288	11607
323	Cher Lloyd	@CherLloyd	7465959	12641	5762
324	Fabio Porchat	@FabioPorchat	7444196	856	10008
325	TechCrunch	@TechCrunch	7434101	855	136114
326	Olly Murs	@ollyofficial	7433615	3161	18347
327	Eva Longoria Baston	@EvaLongoria	7426858	808	14999
328	Daniel Alves	@DaniAlvesD2	7425487	371	5374
329	Stephen Curry	@StephenCurry30	7393815	641	6561
330	9GAG	@9GAG	7382181	9	33324
331	VEJA	@VEJA	7377475	24686	223854
332	Rio Ferdinand	@rioferdy5	7334506	525	17184
333	BBC News (UK)	@BBCNews	7263913	87	309741
334	Jessica Simpson	@JessicaSimpson	7260664	162	1609
335	fearne cotton	@Fearnecotton	7258701	554	18888
336	Joaquín López-Dóriga	@lopezdoriga	7243770	1234	151571
337	Disney•Pixar	@DisneyPixar	7242917	139	4677
338	Kendrick Lamar	@kendricklamar	7238725	491	4126
339	WIRED	@WIRED	7216865	272	68857
340	Suresh Raina	@ImRaina	7215815	261	1383
341	Serena Williams	@serenawilliams	7208397	337	13584
342	Chicharito Hernandez	@CH14_	7207544	432	1102
343	Burberry	@Burberry	7202232	237	10829
344	Calum Hood	@Calum5SOS	7176627	16489	14231
345	Jessica Iskandar	@inijedar	7173840	3	42130
346	Javier Mascherano	@Mascherano	7144315	204	923
347	IGGY AZALEA	@IGGYAZALEA	7128454	3608	45180
348	Noticias Caracol	@NoticiasCaracol	7117561	7222	429469
349	People Magazine	@people	7116888	1493	103475
350	Marc Jacobs	@marcjacobs	7116055	1545	19746
351	????? ????????	@SaudiNews50	7087898	3	82080
352	Twitter Movies	@TwitterMovies	7084745	225	5734
353	T-Raww	@Tyga	7062115	4481	10423
354	Carlos Loret de Mola	@CarlosLoret	7021874	1034	54845
355	HH Sheikh Mohammed	@HHShkMohd	6998594	62	4266
356	OMG Facts	@OMGFacts	6998300	74	83269
357	Dior	@Dior	6996856	140	1979
358	Holly Willoughby	@hollywills	6989829	262	5270
359	Floyd Mayweather	@FloydMayweather	6988189	630	7438
360	G-DRAGON	@IBGDRGN	6987003	126	4014
361	NE-YO	@NeYoCompound	6977207	7528	12880
362	Ahlam - ????? ??	@Ahlam_Alshamsi	6972618	698	48172
363	Hugh Jackman	@RealHughJackman	6972220	16	2546
364	The X Factor	@TheXFactor	6964780	26536	32427
365	Queen Latifah	@IAMQUEENLATIFAH	6944495	578	4448
366	Zendaya	@Zendaya	6943827	1690	56638
367	Adam Levine	@adamlevine	6932533	15289	5640
368	Galilea Montijo	@GalileaMontijo	6900406	1304	21851
369	Roberto G. Bolaños	@ChespiritoRGB	6899643	21	3037
370	The New Yorker	@NewYorker	6899128	373	45992
371	Nicole Polizzi	@snooki	6895838	417	27868
372	KELENDRIA ROWLAND	@KELLYROWLAND	6888478	1667	10775
373	Cara Delevingne	@Caradelevingne	6877670	1046	6869
374	zooey deschanel	@ZooeyDeschanel	6864945	592	3828
375	Ciara	@ciara	6829583	46	9209
376	Aristegui Noticias	@AristeguiOnline	6797916	8	151473
377	T.I.	@Tip	6792957	705	16676
378	shireen sungkar	@shireensungkar	6724289	719	10553
379	Zoë	@Zoella	6723385	466	39774
380	Nina Dobrev	@ninadobrev	6718177	114	6405
381	Galatasaray SK	@GalatasaraySK	6712173	70	53033
382	Common White Girl	@girlposts	6702747	62657	66505
383	ROBERT KARDASHIAN	@robkardashian	6701400	230	579
384	Raisa Andriana	@raisa6690	6695630	443	25372
385	Pegg News	@simonpegg	6669773	0	15706
386	Jimmy Carr	@jimmycarr	6655551	304	3322
387	Lucero	@LuceroMexico	6647962	48	28425
388	Ricardo Arjona ®	@Ricardo_Arjona	6635824	45	2785
389	Nike	@Nike	6618247	156	27783
390	MBC1	@mbc1	6585793	25	84787
391	Dulce Maria	@DulceMaria	6582420	768	24176
392	Dwight Howard	@DwightHoward	6559055	7708	22244
393	Gad Elmaleh	@gadelmaleh	6545795	603	4518
394	KATH	@bernardokath	6532833	617	6028
395	Noticias RCN	@NoticiasRCN	6530428	943	316272
396	Juan Luis Guerra	@JuanLuisGuerra	6528946	39	884
397	?????? ????????	@HashKSA	6527603	876	51099
398	Real Madrid C.F.	@realmadriden	6524743	49	28660
399	Scott Disick	@ScottDisick	6510301	25	2453
400	elrubius	@Rubiu5	6505107	653	21435
401	pepatah	@pepatah	6499204	165	46689
402	bella thorne	@bellathorne	6499130	7813	75340
403	Omar Chaparro	@OMARCHAPARRO	6487534	1314	24757
404	atademirer	@atademirer	6484273	122	1443
405	Ellie Goulding	@elliegoulding	6448259	552	17926
406	Novak Djokovic	@DjokerNole	6447667	709	2309
407	Ian Somerhalder	@iansomerhalder	6441738	662	9317
408	Bumi Dinasti	@bumi__dinasti	6421838	4	171878
409	Liverpool FC	@LFC	6418383	390500	57428
410	Twitter Books	@TwitterBooks	6407398	309	1825
411	Bill Clinton	@billclinton	6395964	26	521
412	????? 24 / FRANCE 24	@France24_ar	6391089	1054	136333
413	NTV	@ntv	6376768	53	125279
414	Gonzalo Higuaín	@G_Higuain	6362336	219	353
415	TMC Polda Metro Jaya	@TMCPoldaMetro	6358775	0	465234
416	Google Play	@GooglePlay	6356866	1112	71127
417	Jeremy Clarkson	@JeremyClarkson	6352016	164	5087
418	MLB	@MLB	6345500	4856	127200
419	Perez Hilton	@PerezHilton	6337278	672	264598
420	NPR	@NPR	6332730	72895	103977
421	David De Gea	@D_DeGea	6304212	197	1606
422	Jennette McCurdy	@jennettemccurdy	6302457	41405	43
423	Henrique Capriles R.	@hcapriles	6298425	1911	21551
424	Le Monde	@lemondefr	6256287	408	193130
425	Snap: cearawm	@oceara	6255638	284	7356
426	BBC Sport	@BBCSport	6254997	253	228956
427	Cheryl	@CherylOfficial	6212154	938	6156
428	Cyprien	@MonsieurDream	6209651	512	11446
429	Roger Federer	@rogerfederer	6182157	79	1258
430	Sushma Swaraj	@SushmaSwaraj	6158787	0	4374
431	Lana Del Rey	@LanaDelRey	6145577	1101	760
432	Serginho Groisman	@oserginho	6131874	496	6580
433	Twitter API	@twitterapi	6108508	47	3579
434	Ash Xx	@Ashton5SOS	6106114	9593	9951
435	Tom Cruise	@TomCruise	6103916	56300	11111
436	Yeng Constantino	@YengPLUGGEDin	6102164	1005	37415
437	Samuel L. Jackson	@SamuelLJackson	6080680	804	2773
438	#106andPark	@106andpark	6063238	694	29057
439	Connor Franta	@ConnorFranta	6059490	4437	24407
440	La Patilla	@la_patilla	6037389	159	3134365
441	Google Chrome	@googlechrome	6035183	107	1565
442	Tiger Woods	@TigerWoods	6023856	17	559
443	China Xinhua News	@XHNews	6022611	130	70055
444	The Guardian	@guardian	6017348	1115	292789
445	????? ??????	@youm7	6016958	12	556751
446	Elon Musk	@elonmusk	6010732	39	2359
447	Jamel Debbouze	@DebbouzeJamel	5982520	424	5068
448	Ahok Basuki TPurnama	@basuki_btp	5968590	52	2412
449	Claro Brasil	@ClaroBrasil	5946367	15544	185579
450	Miranda Lambert	@mirandalambert	5944844	244	3499
451	TIMES NOW	@TimesNow	5934525	259	172678
452	Joko Widodo	@jokowi	5928566	57	472
453	ELLE Magazine (US)	@ELLEmagazine	5928294	1092	104107
454	Rodrigo Scarpa	@rodrigovesgo	5920583	1389	9741
455	antanddec	@antanddec	5919009	536	12478
456	Luisana Lopilato	@lulopilato	5917882	106	7135
457	Kompas.com	@kompascom	5912321	23	728622
458	Chelsea Handler	@chelseahandler	5905624	89	5289
459	Jason Mraz	@jason_mraz	5902205	36	3343
460	AKON	@Akon	5892744	429	2366
461	Vanessa Hudgens	@VanessaHudgens	5882461	139	3970
462	lily allen	@lilyallen	5882007	1227	16336
463	SKRILLEX	@Skrillex	5880330	1134	13955
464	Lucy Hale	@lucyhale	5878675	602	15895
465	Iker Casillas	@IkerCasillas	5877695	1459	2027
466	Ana Hickmann	@ahickmann	5867321	177	23163
467	Enrique Peña Nieto	@EPN	5867249	273	4598
468	Rita Ora	@RitaOra	5853430	1729	9809
469	Windows	@Windows	5852868	1715	207307
470	????????? ?? ????	@abdulrahman	5851744	2977	14067
471	OneLouder Apps	@OneLouderApps	5851283	45233	6319
472	Jamie Oliver	@jamieoliver	5832556	4323	21214
473	Carrie Underwood	@carrieunderwood	5812007	380	3570
474	Anna Kendrick	@AnnaKendrick47	5787693	286	1997
475	Louis Vuitton	@LouisVuitton	5782947	13	3144
476	Jorge & Mateus	@jorgeemateus	5778515	371	14344
477	???? ?????	@realmadridarab	5764071	44	19128
478	Nash Grier	@Nashgrier	5745409	74473	29869
479	Jaden Smith	@officialjaden	5738548	7	2945
480	Discovery	@Discovery	5732397	3340	39033
481	Demet Akalin Kurt	@DemetAkalin	5729537	762	81268
482	SportsNation	@SportsNation	5726285	1042	20029
483	MYX Philippines	@MYXphilippines	5725790	656	75897
484	UNICEF	@UNICEF	5719928	24980	30390
485	Residente	@Residente	5718085	1317	25148
486	Marcelotwelve	@MarceloM12	5717967	330	1485
487	Mac	@MacMiller	5712599	1176	31420
488	Mahendra Singh Dhoni	@msdhoni	5710807	32	436
489	The Notebook	@Notebook	5698733	148	50213
490	DWade	@DwyaneWade	5689154	590	8057
491	????? ?? ????????	@KingSalman	5683831	0	309
492	bunga citra lestari	@bclsinclair	5683751	157	9236
493	EL PAÍS	@el_pais	5675183	737	279000
494	CNN International	@cnni	5674200	364	103790
495	Nicole Scherzinger	@NicoleScherzy	5672154	322	5965
496	Mary J. Blige	@maryjblige	5669510	312	6836
497	FLO RIDA	@official_flo	5667429	2387	22840
498	Entertainment Weekly	@EW	5654744	5776	128083
499	Bianca Gonzalez	@iamsuperbianca	5645582	644	49016
500	Arun Jaitley	@arunjaitley	5633695	161	1566
501	okan bayulgen	@okanbayulgen	5632961	3944	4865
502	Ajay Devgn	@ajaydevgn	5631741	54	1929
503	Michelle Obama	@MichelleObama	5601641	9	766
504	Cinépolis	@Cinepolis	5586976	22180	37746
505	Sandy Leah	@SandyLeah	5583676	114	5040
506	Carmen Aristegui	@aristeguicnn	5583352	17	1694
507	Crowdfire	@Crowdfire	5579711	163127	41331
508	Rania Al Abdullah	@QueenRania	5573637	39	1610
509	Tiago Leifert	@TiagoLeifert	5540931	280	26394
510	????	@ariyoshihiroiki	5527819	236	15101
511	Daniel Padilla	@imdanielpadilla	5525826	767	2901
512	Hitam Putih Trans|7	@HitamPutihT7	5515463	498	14323
513	Tyler Oakley	@tyleroakley	5502161	470	43902
514	Laudya Cynthia bella	@Bellaudyaa	5498719	977	19138
515	Adam Schefter	@AdamSchefter	5491865	2427	33061
516	Vijay Mallya	@TheVijayMallya	5482628	198	7019
517	Gmail	@gmail	5479659	58	1830
518	YouTube Trends	@YouTubeTrends	5479526	9	5733
519	Facundo	@facufacundo	5468220	627	19615
520	Bill Maher	@billmaher	5465332	42	3259
521	Meek Mill	@MeekMill	5461096	1515	34563
522	NTV Spor	@ntvspor	5457233	17	122424
523	Riteish Deshmukh	@Riteishd	5453738	263	15929
524	Neil deGrasse Tyson	@neiltyson	5430305	47	5020
525	John Cleese	@JohnCleese	5425601	191	2768
526	EL TIEMPO	@ELTIEMPO	5401608	26675	353732
527	Financial Times	@FinancialTimes	5399734	716	167229
528	Fenerbahçe SK	@Fenerbahce	5394193	65	40154
529	Michel Teló	@micheltelo	5389625	600	163581
530	Juan Mata García	@juanmata8	5384677	385	2216
531	SIWON CHOI	@siwon407	5380815	137	5099
532	Typical Girl	@SoDamnTrue	5378740	50999	42460
533	Gary Lineker	@GaryLineker	5376782	827	20706
534	Rachel Maddow MSNBC	@maddow	5374548	2399	4427
535	Samsung Mobile US	@SamsungMobileUS	5359066	20854	128492
536	Rolling Stone	@RollingStone	5348549	257	65807
537	Los Angeles Lakers	@Lakers	5348310	72	40031
538	Snap: Canalmultishow	@multishow	5329295	90953	244250
539	Twitter Support	@Support	5315537	29	17089
540	FC Barcelona	@FCBarcelona_cat	5315515	59	70587
541	?????? ?? ????	@Alwaleed_Talal	5314046	30	218
542	The First Lady	@FLOTUS	5312327	24	3906
543	Jonathan Ross	@wossy	5308000	8182	24089
544	Demi Moore	@justdemi	5298917	319	5184
545	[+] Fiuk	@Fiuk	5294260	541	17878
546	•Bambang Pamungkas•	@bepe20s	5288449	490	325732
547	The Black Eyed Peas	@bep	5276297	46846	2118
548	Nintendo of America	@NintendoAmerica	5269428	1348	11976
549	INDONESIAinLOVE	@INDONESIAinLOVE	5256382	3	52711
550	Ragheb Alama	@raghebalama	5239637	414	21145
551	Ivan Urgant	@urgantcom	5232363	3	1045
552	Snap: felipenetoreal	@felipeneto	5231344	614	68959
553	Ahmet Davuto?lu	@Ahmet_Davutoglu	5229728	75	1919
554	Lord Sugar	@Lord_Sugar	5222011	928	40202
555	Folha de S.Paulo	@folha	5216580	189679	257245
556	Paula	@paulitachaves	5195971	308	24366
557	Nick Cannon	@NickCannon	5188497	5086	20899
558	Alan Carr	@AlanCarr	5187287	540	14050
559	Luis Manzano	@luckymanzano	5179681	232	40111
560	Jack Whitehall	@jackwhitehall	5179285	602	8001
561	Piers Morgan	@piersmorgan	5167116	1270	89566
562	Ben Stiller	@RedHourBen	5157463	295	2877
563	John Green	@johngreen	5149186	753	29640
564	Mike Tyson	@MikeTyson	5142393	405	6074
565	Food & Wine	@foodandwine	5142212	706	45775
566	What The F*** Facts	@WhatTheFFacts	5131595	499	31500
567	Lenny Kravitz	@LennyKravitz	5115048	1846	1933
568	Disney	@Disney	5104235	45	6648
569	Skype	@Skype	5102065	1476	113388
570	#HockeyFightsCancer	@NHL	5098990	1549	108155
571	Nicole Richie	@nicolerichie	5088047	13134	4257
572	????? ???? ??????	@SalehAlmoghamsy	5084108	0	9399
573	Alejandro Fernandez	@alexoficial	5080338	190	6425
574	Smriti Z Irani	@smritiirani	5073102	290	11681
575	gaby espino	@gabyespino	5068392	1160	29355
576	The Walking Dead AMC	@WalkingDead_AMC	5058395	218	136544
577	KC Concepcion	@itskcconcepcion	5057990	710	28661
578	Student Problems	@FactsOfSchool	5049274	14864	35648
579	Jonah Hill	@JonahHill	5046374	7	1659
580	twitcam	@twitcam	5045848	35	15342
581	??????? ????????	@MedvedevRussia	5039715	60	1208
582	Angel Rivera	@Angelluisr	5034649	1677	7643
583	Sarcasm	@ThatsSarcasm	5030462	55690	28961
584	kevin jonas	@kevinjonas	5014542	1344	7848
585	Sky Sports News HQ	@SkySportsNewsHQ	5004938	111	58962
586	barkha dutt	@BDUTT	4994906	883	104400
587	Ubisoft	@Ubisoft	4992520	661	24162
588	Chris Paul	@CP3	4988035	872	5318
589	Wale	@Wale	4979098	2322	63551
590	Funny Tweets™	@Lmao	4969905	7598	37393
591	Diego Forlan	@DiegoForlan7	4969056	154	1212
592	LINKIN PARK	@linkinpark	4964846	51	4856
593	Dilma Rousseff	@dilmabr	4952304	360	6654
594	Estadão	@Estadao	4933506	65945	221208
595	Hilary Duff	@HilaryDuff	4925368	205	3787
596	Selección Nacional	@miseleccionmx	4922055	1167	81242
597	Ollaufar	@olla_ramlan	4917256	418	27300
598	Miranda Kerr	@MirandaKerr	4915161	684	3104
599	Soulja Boy	@souljaboy	4904975	3661	115134
600	mbc2	@mbc2	4899724	0	51143
601	Steve Carell	@SteveCarell	4898950	49	133
602	???? ?????? ?????	@Alhilal_FC	4897606	37	22483
603	Angelica Panganiban	@sectorkekz	4891208	480	13109
604	Super Junior ???	@donghae861015	4868786	110	1933
605	Bipasha Basu	@bipsluvurself	4864157	157	8897
606	Rajdeep Sardesai	@sardesairajdeep	4862826	482	43435
607	Common White Girl	@girIpossts	4851768	454461	17396
608	Steve Aoki	@steveaoki	4851521	4311	37188
609	peteachu	@petewentz	4843897	391	17308
610	Whole Foods Market	@WholeFoods	4842654	531660	209977
611	S?la Genço?lu	@silagencoglu	4832764	167	1307
612	TRANS7	@TRANS7	4825636	365	51087
613	Ozzy Osbourne	@OzzyOsbourne	4822456	72	3087
614	Polo Polo	@polo_polo	4818629	32	5221
615	Sandra Dewi	@SandraDewi88	4815911	483	37647
616	juliaperez	@juliaperrez	4804470	1434	87638
617	Joel Osteen	@JoelOsteen	4796791	170	14786
618	MTV News	@MTVNews	4796743	5779	97976
619	Bill Simmons	@BillSimmons	4791659	331	15561
620	Bridgit Mendler	@bridgitmendler	4789795	552	6986
621	Yoko Ono	@yokoono	4785484	946890	10031
622	UK Prime Minister	@Number10gov	4776049	773	11211
623	Lea Michele	@msleamichele	4775079	100	7717
624	snap: JornalOGlobo	@JornalOGlobo	4744826	8351	252985
625	Aluna Sagita Gutawa	@gitagut	4744303	255	8460
626	Felipe Calderón	@FelipeCalderon	4731705	808	6357
627	ABS-CBN News	@ABSCBNNews	4721584	1299	425838
628	Valentino Rossi	@ValeYellow46	4715352	312	3624
629	IGN	@IGN	4715072	735	87738
630	Jamie Foxx	@iamjamiefoxx	4712753	173	2324
631	troye sivan	@troyesivan	4711995	2935	14379
632	Eden hazard	@hazardeden10	4710613	220	1546
633	DJ??IX ??ASTA KING	@MixMastaKing	4704502	0	195003
634	LLCOOLJ.	@llcoolj	4703802	995	24859
635	Preta Gil	@PretaGil	4696371	903	82377
636	Andrea Legarreta	@AndreaLegarreta	4694678	1087	17218
637	Mark Cuban	@mcuban	4675374	1009	744
638	Aleks Syntek	@syntekoficial	4674540	2994	17036
639	Juan Manuel Santos	@JuanManSantos	4665750	1608	12482
640	??? ????	@AjelNews24	4656225	22	104568
641	Irfan Bachdim	@IrfanBachdim10	4655686	166	3401
642	GloriaTrevi	@GloriaTrevi	4655516	1722	46782
643	Julia Montes	@montesjulia	4651909	271	7272
644	Eddie Izzard	@eddieizzard	4648049	615	7836
645	dahSyat	@dahSyatMusik	4639647	629	49584
646	Shashi Tharoor	@ShashiTharoor	4637835	710	34141
647	Cristina Kirchner	@CFKArgentina	4637571	133	9781
648	SHILPA SHETTY KUNDRA	@TheShilpaShetty	4630526	111	4086
649	Imran Khan	@ImranKhanPTI	4629038	19	3963
650	Noel Schajris	@NoelSchajris	4613294	1467	54993
651	Wisin Y Yandel	@wisinyyandel	4608108	69	9579
652	Mohamed ElBaradei	@ElBaradei	4606971	36	1293
653	Corinthians	@Corinthians	4600679	50	30679
654	Kevin Spacey	@KevinSpacey	4594924	52	2034
655	DON OMAR aka KONG	@DONOMAR	4589631	4533	39606
656	GMA News	@gmanews	4586915	853	409510
657	???? ?????	@battalalgoos	4579271	975	23041
658	BlackBerry	@BlackBerry	4566223	3477	27136
659	Intel	@intel	4565799	1272	10279
660	Dylan O'Brien	@dylanobrien	4551941	1902	892
661	YouTube Creators	@YTCreators	4549664	1204	4916
662	Jonas Enterprises	@jonas_ent	4546173	2414	5930
663	fatih portakal	@fatihportakal	4541437	1	44965
664	Lali Espósito	@laliespos	4537038	758	17536
665	hayley from Paramore	@yelyahwilliams	4532727	644	34810
666	Enrique Gil	@itsenriquegil	4527969	121	1487
667	Cinemex	@Cinemex	4525598	68	35933
668	Gading Marten	@gadiiing	4520998	748	54350
669	Randy Orton	@RandyOrton	4517626	9	2710
670	Sarcasm	@TheFunnyTeens	4514764	8534	69601
671	Mrs.Cristine Khatibi	@CristineKhatibi	4503803	297	17125
672	angelica huck	@angelicaksy	4503388	157	5672
673	Relationships	@RELATlONSHlP	4499539	106	32945
674	App Store	@AppStore	4499452	20	6817
675	TRANS TV	@TRANSTV_CORP	4495626	327	58887
676	Dropbox	@Dropbox	4487316	76	3150
677	Chino y Nacho	@ChinoyNacho	4485554	194	19097
678	Leopoldo López	@leopoldolopez	4484923	332283	14352
679	Álvaro Uribe Vélez	@AlvaroUribeVel	4479843	1518	48552
680	Markiplier	@markiplier	4478053	226	6467
681	??????????	@pamyurin	4472544	241	13825
682	SIGNOS FODAS	@SignosFodas	4471534	111	309346
683	Lost In History	@HistoryToLearn	4471392	22071	75770
684	Usain St. Leo Bolt	@usainbolt	4464212	84	4056
685	Game Of Thrones	@GameOfThrones	4459726	41219	56867
686	Aline Barros	@alinebarros	4457030	95	12020
687	Harsha Bhogle	@bhogleharsha	4455313	176	37726
688	Victor Valdes	@1victorvaldes	4448988	61	459
689	Álvaro Arbeloa	@aarbeloa17	4448638	1074	4063
690	Rev Run	@RevRunWisdom	4446028	0	19334
691	PAGASA-DOST	@dost_pagasa	4444169	14	74597
692	Taraji P. Henson	@TherealTaraji	4440416	735	19840
693	Shreya Ghoshal	@shreyaghoshal	4435761	585	19332
694	IndianPremierLeague	@IPL	4434497	111	45381
695	Laura G	@LAURAGII	4433527	1142	83673
696	Tyler Perry	@tylerperry	4427670	100	1910
697	Kev Adams	@kevadamsss	4426789	828	10647
698	UFC	@ufc	4424795	21165	71830
699	Tiësto	@tiesto	4422930	540	29243
700	Matt Pokora	@MPokora	4415132	516	19397
701	WWE Universe	@WWEUniverse	4414287	62867	63713
702	Reflexiones	@SonReflexiones	4414006	590	87081
703	Olympics	@Olympics	4411712	3852	4318
704	MARCA	@marca	4403516	1570	225481
705	Electronic Arts	@EA	4403376	397	19149
706	The Voice	@NBCTheVoice	4390750	7570	57645
707	El Universal	@ElUniversal	4389801	141900	1122964
708	IG: @PEPATAHKU	@PEPATAHKU	4387081	0	175449
709	Maria Sharapova	@MariaSharapova	4375659	74	2456
710	Dan Howell	@danisnotonfire	4375237	714	13330
711	Lorde	@lorde	4375073	88	3186
712	CBS News	@CBSNews	4375069	387	96204
713	Reflexiones	@MasQuePalabras	4368524	128	40764
714	TOM CAVALCANTE	@TomCavalcante1	4359608	277	17073
715	Globovisión	@globovision	4346631	3382	1001500
716	Ashley Benson	@AshBenzo	4345775	164	20345
717	kerry washington	@kerrywashington	4337356	506	23726
718	Lonely Planet	@lonelyplanet	4335488	689941	55041
719	INDRA BEKTI	@indrabektiasli	4332036	6158	52552
720	brozo xmiswebs	@brozoxmiswebs	4329530	886	43988
721	Amy Schumer	@amyschumer	4327963	2045	9290
722	Gisele Bündchen	@giseleofficial	4327303	94	3747
723	The Daily Show	@TheDailyShow	4326968	348	10255
724	Luis Chataing	@LuisChataing	4324402	156	70350
725	Chris Evans	@ChrisEvans	4318891	98	349
726	Paula Fernandes	@PaulaFernandes7	4312807	238	3075
727	Gary Barlow	@GaryBarlow	4311896	3457	10127
728	RainnWilson	@rainnwilson	4310874	491	17753
729	InStyle	@InStyle	4307624	2816	98832
730	Y?lmaz Erdo?an	@yilmazerdogan	4305124	43	550
731	Green Day	@GreenDay	4300439	104	1455
732	Bruna Marquezine	@BruMarquezine	4297671	452	11803
733	Frases De La Vida	@LaVidaEnLetras	4297333	159	8966
734	Food Network	@FoodNetwork	4287890	24799	38531
735	Marvel Entertainment	@Marvel	4283477	741	39870
736	LAMAR ODOM	@RealLamarOdom	4277347	32	3630
737	Yordi Rosado	@YordiRosado	4273121	832	18409
738	Julieta Venegas	@julietav	4272735	621	10802
739	Seth Meyers	@sethmeyers	4266832	577	6988
740	Adela Micha	@Adela_Micha	4264939	348	39072
741	?? ??	@aajtak	4261345	468	187123
742	Zlatan Ibrahimovi?	@Ibra_official	4255258	3	210
743	?????? Buck ????	@Khunnie0624	4252007	190	3882
744	PSY	@psy_oppa	4251948	684	4400
745	Hugo Chávez Frías	@chavezcandanga	4251861	22	1823
746	Hulya Avsar	@hulyavsar	4250152	48	4359
747	Vevo	@Vevo	4250047	3921	27155
748	shruti haasan	@shrutihaasan	4248216	336	12463
749	Nike.com	@nikestore	4247766	159	284034
750	Dolce & Gabbana	@dolcegabbana	4246936	432	12323
751	CNN Türk	@cnnturk	4243248	121	195412
752	Portal R7.com	@portalR7	4239438	251	277156
753	Jordin Sparks	@JordinSparks	4239093	5047	38593
754	DJ Pauly D	@DJPaulyD	4238575	18461	20421
755	VANITY FAIR	@VanityFair	4236672	1112	66978
756	ICC	@ICC	4232818	94	43326
757	Rick G. Rosner	@dumbassgenius	4229261	1314	21585
758	Disney Words	@disneywords	4228760	0	102132
759	Sky Sports ?	@SkySports	4222102	510	142952
760	Sam Smith	@samsmithworld	4220920	1213	12536
761	FIFA.com en español	@fifacom_es	4218996	406	41774
762	Kemal K?l?çdaro?lu	@kilicdarogluk	4210401	9144	2679
763	Wyclef Jean	@wyclef	4208345	637	29173
764	MarQuis Trill	@6BillionPeople	4204595	85574	177294
765	cosito de la pizza	@elcosodelapizza	4204011	620	43594
766	Pensamientos	@FraseSimple	4191170	14964	20758
767	El Universal	@El_Universal_Mx	4190633	11911	444991
768	THiaguinho	@thiaguinhocomth	4187636	872	27802
769	TMZ	@TMZ	4182352	913	138461
770	IyaVillaniaArellano	@iyavillania	4176480	708	25438
771	Belinda	@belindapop	4176348	1704	6731
772	Dolly Parton	@DollyParton	4175924	35	1249
773	Nelly_Mo	@Nelly_Mo	4173830	1441	10748
774	Diego Torres	@diegotorres	4169901	118	6293
775	Maine Mendoza	@mainedcm	4165087	313	38423
776	????	@matsu_bouzu	4161023	61	334
777	The Big Bang Theory	@bigbangtheory	4159072	52	5165
778	iCarly	@iCarly	4152488	27139	3951
779	Bruno Gagliasso	@brunogagliasso	4152006	686	14625
780	Steam	@steam_games	4151328	6	6441
781	FIFA World Cup	@FIFAWorldCup	4144567	546	9186
782	J	@JackJ	4143642	21445	18024
783	EA SPORTS FIFA	@EASPORTSFIFA	4138282	284	253616
784	Maite Perroni B	@MaiteOficial	4134645	751	8837
785	Shraddha Kapoor	@ShraddhaKapoor	4127689	275	4150
786	TextsFromLastNight	@TFLN	4119984	1629	15408
787	debbyryan	@DebbyRyan	4115830	353	20247
788	Tony Hawk	@tonyhawk	4115596	10836	11177
789	Jenna Mourey/Marbles	@Jenna_Marbles	4115267	77566	12581
790	Phillip Schofield	@Schofe	4115215	12798	30162
791	?? Vegetta777 ??	@vegetta777	4106277	262	42824
792	Pedro Alfonso	@pedroalfonsoo	4103482	554	17495
793	???? ????????	@abuabdelelah	4100885	182	23220
794	L'ÉQUIPE	@lequipe	4100733	1759	140882
795	Gülben Ergen Çelik	@gulbenergen	4099200	736	47203
796	yuvraj singh	@YUVSTRONG12	4098649	358	6554
797	Women's Health	@WomensHealthMag	4097684	759	61851
798	Cyril Hanouna	@Cyrilhanouna	4093139	2018	4946
799	??????? Ahram	@eahram	4091005	15	448698
800	Bill Cosby	@BillCosby	4090315	6	2147
801	Preity zinta	@realpreityzinta	4089847	90	17638
802	Wesley Sneijder	@sneijder101010	4086593	160	1387
803	Scooter Braun	@scooterbraun	4080893	2845	28649
804	Noah Everett	@noaheverett	4078387	1230	6413
805	Bernie Sanders	@BernieSanders	4068767	1512	9952
806	Kelly Osbourne	@KellyOsbourne	4065681	2143	15246
807	WikiLeaks	@wikileaks	4057235	7612	44819
808	zach galifianakis	@galifianakisz	4053484	0	104
809	Paul Wesley	@paulwesley	4050161	692	1450
810	ariefmuhammad	@Poconggg	4047894	0	30099
811	Joyce Meyer	@JoyceMeyer	4047508	84	11029
812	Sony	@Sony	4043440	1287	15480
813	Joseph Gordon-Levitt	@hitRECordJoe	4034838	144	10210
814	Keri Hilson	@KeriHilson	4027908	388	11670
815	Triple H	@TripleH	4024998	26	3107
816	Jerry Seinfeld	@JerrySeinfeld	4018084	90	1432
817	Willyrex	@WillyrexYT	4015480	191	31275
818	Kevin Aprilio	@apriliokevin	4009957	193	30478
819	Brad Paisley	@BradPaisley	4008627	98	6704
820	Paramore	@paramore	4006787	181	4782
821	CAROLE SAMAHA	@CAROLE_SAMAHA	4005002	245	15471
822	???? ??????	@kasimf	4004324	916	73720
823	Relationship ?	@ohteenquotes	4002848	2459	122721
824	DavidKWilliams	@DavidKWilliams	3993427	5432	27530
825	AC Milan	@acmilan	3992046	45	39190
826	???? ???????	@AzzamAlDakhil	3991298	2622	25625
827	Blake Griffin	@blakegriffin32	3989784	579	2823
828	Funny Reactions	@autocorrects	3988852	19	58898
829	Caspar Lee	@Caspar_Lee	3988451	2429	6813
830	Nickelodeon	@NickelodeonTV	3978696	2495	38139
831	Al Yankovic	@alyankovic	3978378	441	3281
832	Aljassmi ???? ??????	@7sainaljassmi	3972123	10	4794
833	Jessica Cediel	@jessicacediel	3968135	267	30435
834	El Nacional	@ElNacionalWeb	3965181	362457	4181706
835	Russell Simmons	@UncleRUSH	3959340	892	63843
836	Jaime Camil	@jaimecamil	3955647	363	11009
837	Arnold	@Schwarzenegger	3954375	193	4983
838	Mustafa Ceceli	@mustafaceceli	3950182	85	8536
839	Joe Sugg	@Joe_Sugg	3948111	2594	19218
840	Murat Boz	@MuratBoz	3947437	212	1167
841	Proceso	@revistaproceso	3945192	1826	83229
842	Danny DeVito	@DannyDeVito	3941131	20	6898
843	Heidi Klum	@heidiklum	3937769	129	4086
844	Pau Gasol	@paugasol	3937511	308	11490
845	Caitlyn Jenner	@Caitlyn_Jenner	3935655	40	210
846	Common Girl	@FIirtationship	3929117	7312	28264
847	??	@jccaylen	3928558	25908	38431
848	NOAH	@NOAH_ID	3926447	343	19345
849	Mangel	@mangelrogel	3926117	710	41941
850	Laughing	@ComedyTruth	3922010	4247	75737
851	Papa Francesco	@Pontifex_it	3919519	8	938
852	LA LA	@lala	3919378	937	26073
853	ESPNcricinfo	@ESPNcricinfo	3918815	152	70424
854	Madhuri Dixit-Nene	@MadhuriDixit	3914051	27	5481
855	Kian Lawley	@KianLawley	3909706	9035	24602
856	Amr Waked	@amrwaked	3903228	284	13112
857	NBC News	@NBCNews	3897439	2928	95399
858	Top Tweets	@toptweets	3889763	0	13684
859	Chris Moyles	@ChrisMoyles	3886444	203	11593
860	Bitch Problems	@FemaleTexts	3881278	36041	96273
861	El Espectador	@elespectador	3875093	55484	506844
862	Nani	@luisnani	3874444	35	795
863	Survival Tips	@Funny_Truth	3874384	197	47682
864	FREDDY	@FreddyAmazin	3871665	593930	107138
865	Dana White	@danawhite	3868727	1925	32422
866	Pedro Rodríguez	@_Pedro17_	3867277	167	448
867	Flamengo	@Flamengo	3865003	129	186290
868	Rock in Rio	@rockinrio	3864056	810	12920
869	Georgina Wilson	@ilovegeorgina	3862812	686	18257
870	T.C.Cumhurba?kanl???	@tcbestepe	3861440	4	4006
871	Syahrini	@PrincesSyahrini	3861026	197	3293
872	DR JAMES CABOT	@DRJAMESCABOT	3859160	12379	540634
873	Amber Rose	@DaRealAmberRose	3854579	695	12843
874	Lea Salonga	@MsLeaSalonga	3854196	721	22233
875	AB de Villiers	@ABdeVilliers17	3851964	253	4952
876	kesha	@KeshaRose	3851084	1632	5950
877	J BALVIN	@JBALVIN	3850592	628	24797
878	James Franco	@JamesFrancoTV	3849566	219	4074
879	Alden Richards	@aldenrichards02	3848104	360	8949
880	Matthew Espinosa	@TheMattEspinosa	3845453	6212	15912
881	?????? ?????	@TheArabHash	3844679	2260427	47362
882	??jack	@jack	3842128	2179	20237
883	Twitter Fashion	@TwitterFashion	3840764	840	5296
884	gucci	@gucci	3840135	347	5076
885	Franco De Vita	@FrancoDVita	3838548	272	3095
886	TN - Todo Noticias	@todonoticias	3834650	2562	219702
887	VJ Daniel Mananta	@vjdaniel	3833202	478	5178
888	Dr. Mehmet Oz	@DrOz	3832938	158	7356
889	AJ Mendez Brooks	@AJBrooks	3832245	109	6555
890	Jim Jones	@jimjonescapo	3827052	647	20199
891	Paul Pierce	@paulpierce34	3826876	133	1295
892	Rajnath Singh	@rajnathsingh	3825804	113	2266
893	Reik	@ReikMx	3825547	640	17227
894	Lance Armstrong	@lancearmstrong	3823771	540	12286
895	Ana Maria Braga	@ANAMARIABRAGA	3822580	312	5263
896	??? ??????	@alhabibali	3820874	1475	25747
897	Titi Kamal	@Titi_KamaLL	3820608	1010	23187
898	Jennifer Hudson	@IAMJHUD	3820057	679	13129
899	Ha*Ash	@haashoficial	3819379	446	11541
900	Missy Elliott	@MissyElliott	3817844	9582	68433
901	Romeo Santos	@RomeoSantosPage	3816875	39	3210
902	???-??	@muz_tv	3815712	164	17433
903	kim atienza	@kuyakim_atienza	3812954	964	36711
904	Twitter Mobile	@twittermobile	3809306	21	441
905	Parents Magazine	@parentsmagazine	3807054	9300	30573
906	Walt Disney Studios	@DisneyStudios	3805809	289	8158
907	Mario Balotelli	@FinallyMario	3805442	64	1117
908	Erika de la Vega	@ErikaDLV	3803350	633	17613
909	Yves Saint Laurent	@YSL	3802871	141	871
910	Perfect Boyfriend	@WhennBoys	3798938	44701	38397
911	Ayu Dewi	@mrsayudewi	3797196	417	9373
912	Jason Derulo	@jasonderulo	3796901	15285	14445
913	Notch	@notch	3795840	20	41068
914	Hurriyet.com.tr	@Hurriyet	3795610	51	173064
915	BuzzFeed	@BuzzFeed	3795257	3117	157653
916	Sandara Park	@krungy21	3793164	185	5041
917	Joel McHale	@joelmchale	3787971	1303	6171
918	?????? ??????	@ArabicBest	3786445	2347686	14183
919	chris pratt	@prattprattpratt	3784516	351	2847
920	Sam Milby	@samuelmilby	3782577	588	4769
921	BBC Arabic ?? ?? ??	@BBCArabic	3781593	237	80247
922	Fabolous	@myfabolouslife	3779648	911	15428
923	Fe Paes Leme	@FePaesLeme	3773441	717	25951
924	Phil Lester	@AmazingPhil	3765858	323	33380
925	Pretty Little Liars	@PLLTVSeries	3764042	1061	72516
926	Genelia Deshmukh	@geneliad	3760335	122	6045
927	ISCO ALARCON	@isco_alarcon	3755814	290	821
928	Lewis Hamilton	@LewisHamilton	3744847	722	3985
929	The Notebook	@BestTextMsgs	3743873	98572	87675
930	Manuel Neuer	@Manuel_Neuer	3743751	46	135
931	FAKTA FAKTANYA WOW	@WOWFAKTA	3741516	177	256273
932	ROLA	@RolaWorLD	3740210	154	2881
933	Twitch	@Twitch	3739002	1295	13756
934	Manu Ginobili	@manuginobili	3733922	98	5334
935	MARLEY - ALE WIEBE	@marley_ok	3731670	1852	33165
936	Shower Thoughts	@TheWeirdWorld	3727192	359	33817
937	Basti Schweinsteiger	@BSchweinsteiger	3723397	101	743
938	Boman Irani	@bomanirani	3720538	144	7036
939	PSG Officiel	@PSG_inside	3719521	121	37654
940	VIVAcoid	@VIVAcoid	3719323	42	765604
941	Bethany Mota ?	@BethanyMota	3718502	46091	25452
942	Big Time Rush	@bigtimerush	3716919	3111	4243
943	Fonseca	@Fonseca	3716376	1142	12028
944	Willy	@OfficialWillow	3710500	15336	1110
945	Tity Boi (2 Chainz)	@2chainz	3710498	716	31988
946	???? ???	@farisf9	3710256	588	27231
947	globoesportecom	@globoesportecom	3708872	272	165509
948	Manchester City FC	@ManCity	3706797	55503	95090
949	MC HAMMER	@MCHammer	3705018	68913	62120
950	Metallica	@Metallica	3703252	26	1762
951	Josh Devine	@JoshDevineDrums	3685957	10020	10127
952	Fallon Tonight	@FallonTonight	3685179	21171	55556
953	Caio Castro	@CaioCastro	3683625	247	3228
954	Andy Murray	@andy_murray	3682056	144	2745
955	Questlove Gomez	@questlove	3676458	8626	58876
956	Emily Osment	@EmilyOsment	3674397	294	7145
957	Rob Dyrdek	@robdyrdek	3670266	211	8487
958	Amr Hamzawy	@HamzawyAmr	3666008	4	6617
959	History In Pictures	@HistoryInPics	3662908	281	13439
960	CBF Futebol	@CBF_Futebol	3656583	115	114023
961	dead mow cinco	@deadmau5	3651546	432	33327
962	JWOWW	@JENNIWOWW	3650411	543	16758
963	SMTOWN GLOBAL	@SMTOWNGLOBAL	3647603	33	3280
964	Fergie	@Fergie	3641891	605	3077
965	Sarcasm!	@FunnySayings	3641805	58	39119
966	Keith Lemon	@lemontwittor	3634622	3181	56309
967	Eser YENENLER	@eseryenenler	3633654	159	1306
968	michelle keegan	@michkeegan	3632257	503	10239
969	FILIPPA FELICIA L	@FilippaLinrooos	3631006	748	405
970	John Bishop	@JohnBishop100	3627314	414	7701
971	Milenio.com	@Milenio	3626196	340	407352
972	Emma Roberts	@RobertsEmma	3625528	862	6603
973	Miami HEAT	@MiamiHEAT	3625254	153949	43044
974	JORGE RIAL	@rialjorge	3623719	1695	60458
975	Nikki Gil	@nikkigil	3621767	479	12296
976	Jake T. Austin	@JakeTAustin	3616342	5349	3848
977	Susana Gimenez	@Su_Gimenez	3615801	92	520
978	Official MMDA	@MMDA	3610577	65	532417
979	Televisa Deportes	@TD_Deportes	3608285	339	299433
980	Chad Johnson	@ochocinco	3607697	7015	104166
981	LeBron James ?	@LeBronJames	3607571	1091030	2538
982	Yesung	@shfly3424	3605381	53	1035
983	Alfie Deyes	@PointlessBlog	3602234	287	15601
984	Oscar	@oscar8	3600603	78	488
985	Corbuzier	@corbuzier	3600339	0	15908
986	Hayes Grier	@HayesGrier	3600210	20739	7221
987	Tulisa Contostavlos	@officialtulisa	3593563	2508	8858
988	David Copperfield	@D_Copperfield	3591276	498	10757
989	?.?.???? ?????	@naseralomar	3586855	36	5131
990	TODAY	@TODAYshow	3581263	8179	92100
991	David Silva	@21LVA	3579067	217	699
992	Rachel Zoe	@RachelZoe	3576290	261	10238
993	Andres Lopez Forero	@lopezandres	3575018	110448	24053
994	BJP	@BJP4India	3569810	2	156746
995	Curiosity Rover	@MarsCuriosity	3569519	165	3256
996	Joey Essex	@JoeyEssex_	3568556	590	22123
997	Rossa Roslaina	@mynameisrossa	3557305	332	17643
998	JuventusFC	@juventusfc	3556141	55	47599
999	Reflexiones	@SoloReflexiones	3553338	94	11823
1000	Fifth Harmony	@FifthHarmony	3550484	27410	11968